Name,Label,Dimensions,Depth (in),Width (in),Height (in),Color,Material Used,URL
"DWVO Farmhouse Buffet Cabinet with Storage, 59"" Kitchen Coffee Bar Cabinet, 2 Large Drawers, Visual Grid Door, Storage Shelves for Kitchen & Living Room, Antique White",Kitchen Counter,"15.74""D x 59""W x 33.46""H",15.74,59,33.46,Antique White,Engineered Wood,https://www.amazon.com/dp/B0DFMJF26V?ref=emc_p_m_5_i_atc&th=1
"DWVO Farmhouse Buffet Cabinet with Storage, 59"" Kitchen Coffee Bar Cabinet, 2 Large Drawers, Visual Grid Door, Storage Shelves for Kitchen & Living Room, Antique White",Kitchen Counter,"15.74""D x 59""W x 33.46""H",15.74,59,33.46,Antique White,Engineered Wood,https://www.amazon.com/dp/B0DFMJF26V/ref=sbl_dpx_c_furniture-kitchen-buffets-sideboards_B0DRN9F5LH?keywords=kitchen+counters&th=1
"DICTAC White Buffet Cabinet with Storage and Power Outlets, 55"" Large Modern Kitchen Sideboard Buffet with Drawers, Cabinet, Rotating Organizer, Trays, Wood Coffee Bar tation for Kitchen",Kitchen Counter,"15.8""D x 55.1""W x 31.9""H",15.8,55.1,31.9,White,N/A,https://www.amazon.com/DICTAC-Cabinet-Sideboard-Rotating-Organizer/dp/B0DS2FLLM8/ref=sr_1_3_sspa?crid=2W6F9MHTOLXWB&dib=eyJ2IjoiMSJ9.U5UJqHllOlOcyGps_4xtixiCHActUPyxne1ZS29ol86Yb8qQ8X_1tELmTKilZ4s4qFK-EbYURBhSp0pACMvRniGnGjBAUKFh4P1cIl0BT5P2h3D2HqfBS2Oj-HCgVAYonof8xPhPTxOAqaQSFT_HXPOmy106Pv2xFcn9k_h0cmErM0naoKUoJfx_RlXIM-HEWl2HMZ2FUxqpbNaKBsLXr6v1M2soeUNuayqCo-Y6CT8n4hyllQujt90yv5NO7SKoazpKKniUMWUn8XEJ0dSXjqQbuiQUx0ZjJFFF7Tk1xpk.B8UV75dh1rHNctWiiJP-AjjcsYhVqEJUuYzkz0o_GYc&dib_tag=se&keywords=kitchen+counters&qid=1749756521&sprefix=kitchen+counters%2Caps%2C98&sr=8-3-spons&sp_csd=d2lkZ2V0TmFtZT1zcF9hdGY&psc=1
"Shahoo Farmhouse Sideboard Buffet Cabinet, Coffee Bar Storage with Sliding Barn Doors, Shelf for Home Dining Room, White",Kitchen Counter,"15.5""D x 58""W x 27.6""H",15.5,58,27.6,White,Wood,https://www.amazon.com/Shahoo-Farmhouse-Sideboard-Cabinet-Storage/dp/B0CMDCXM7C/ref=sr_1_7?crid=2W6F9MHTOLXWB&dib=eyJ2IjoiMSJ9.U5UJqHllOlOcyGps_4xtixiCHActUPyxne1ZS29ol86Yb8qQ8X_1tELmTKilZ4s4qFK-EbYURBhSp0pACMvRniGnGjBAUKFh4P1cIl0BT5P2h3D2HqfBS2Oj-HCgVAYonof8xPhPTxOAqaQSFT_HXPOmy106Pv2xFcn9k_h0cmErM0naoKUoJfx_RlXIM-HEWl2HMZ2FUxqpbNaKBsLXr6v1M2soeUNuayqCo-Y6CT8n4hyllQujt90yv5NO7SKoazpKKniUMWUn8XEJ0dSXjqQbuiQUx0ZjJFFF7Tk1xpk.B8UV75dh1rHNctWiiJP-AjjcsYhVqEJUuYzkz0o_GYc&dib_tag=se&keywords=kitchen%2Bcounters&qid=1749756521&sprefix=kitchen%2Bcounters%2Caps%2C98&sr=8-7&th=1
"Gizoon 55"" Sideboard Buffet, Buffet Cabinet with Storage, Kitchen Storage Cabinet with 2 Drawers and 4 Doors, Adjustable Shelf, Wood Coffee Bar Station for Kitchen, Retro",Kitchen Counter,"15.7""D x 55""W x 35""H",15.7,55,35,Retro Brown,Wood,https://www.amazon.com/Gizoon-Sideboard-Cabinet-Storage-Adjustable/dp/B0DNZLQH1T/ref=sxin_16_pa_sp_search_thematic_sspa?content-id=amzn1.sym.2da95b6c-f59a-4699-bc43-d0ff036c6388%3Aamzn1.sym.2da95b6c-f59a-4699-bc43-d0ff036c6388&crid=2W6F9MHTOLXWB&cv_ct_cx=kitchen%2Bcounters&keywords=kitchen%2Bcounters&pd_rd_i=B0DNZLQH1T&pd_rd_r=53d4d014-6292-4030-ae58-a5b94edfef77&pd_rd_w=lM8dn&pd_rd_wg=fpHSv&pf_rd_p=2da95b6c-f59a-4699-bc43-d0ff036c6388&pf_rd_r=6QRXKDG8972DYGZNKQJ2&qid=1749756521&sbo=RZvfv%2F%2FHxDF%2BO5021pAnSA%3D%3D&sprefix=kitchen%2Bcounters%2Caps%2C98&sr=1-3-6024b2a3-78e4-4fed-8fed-e1613be3bcce-spons&sp_csd=d2lkZ2V0TmFtZT1zcF9zZWFyY2hfdGhlbWF0aWM&th=1
"Sideboard Buffet Cabinet with Storage, 55.1"" Large Kitchen Storage Cabinet with 2 Drawers and 4 Doors, Farmhouse Coffee Bar for Kitchen Dining Room, White",Kitchen Counter,"15.6""D x 55.1""W x 36.3""H",15.6,55.1,36.3,White,Particle Board,https://www.amazon.com/FACBOTALL-Sideboard-Cabinet-Storage-Farmhouse/dp/B0CN3CDVKN/ref=sr_1_12_sspa?crid=2W6F9MHTOLXWB&dib=eyJ2IjoiMSJ9.U5UJqHllOlOcyGps_4xtixiCHActUPyxne1ZS29ol86Yb8qQ8X_1tELmTKilZ4s4qFK-EbYURBhSp0pACMvRniGnGjBAUKFh4P1cIl0BT5P2h3D2HqfBS2Oj-HCgVAYonof8xPhPTxOAqaQSFT_HXPOmy106Pv2xFcn9k_h0cmErM0naoKUoJfx_RlXIM-HEWl2HMZ2FUxqpbNaKBsLXr6v1M2soeUNuayqCo-Y6CT8n4hyllQujt90yv5NO7SKoazpKKniUMWUn8XEJ0dSXjqQbuiQUx0ZjJFFF7Tk1xpk.B8UV75dh1rHNctWiiJP-AjjcsYhVqEJUuYzkz0o_GYc&dib_tag=se&keywords=kitchen%2Bcounters&qid=1749756521&sprefix=kitchen%2Bcounters%2Caps%2C98&sr=8-12-spons&sp_csd=d2lkZ2V0TmFtZT1zcF9tdGY&th=1
"4 EVER WINNER Buffet Cabinet With Storage, 55"" Sideboard With 2 Drawers and 4 Doors, Modern Coffee Bar Cabinet, Wood Table for Kitchen, Dining Room, White",Kitchen Counter,"15.7""D x 55.1""W x 31""H",15.7,55.1,31,White,Walnut Wood,https://www.amazon.com/dp/B0DMWBLTTQ/ref=sspa_dk_detail_3?pd_rd_i=B0DMWBLTTQ&pd_rd_w=0d0c6&content-id=amzn1.sym.f2f1cf8f-cab4-44dc-82ba-0ca811fb90cc&pf_rd_p=f2f1cf8f-cab4-44dc-82ba-0ca811fb90cc&pf_rd_r=D72SK2X5BW598188ERVZ&pd_rd_wg=RXeVX&pd_rd_r=52ebe073-8f8d-4946-a0ec-6ec742c906a2&sp_csd=d2lkZ2V0TmFtZT1zcF9kZXRhaWxfdGhlbWF0aWM&th=1
"usikey 63” Large Buffet Cabinet with 4 Doors and 3 Drawers, Farmhouse Buffet Sideboard Cabinet with Storage, Coffee Storage Cabinets for Living Room, White",Kitchen Counter,"15.7""D x 63""W x 31.9""H",15.7,63,31.9,White,Engineered Wood,https://www.amazon.com/dp/B0D9Y2HGBN/ref=sspa_dk_detail_3?pd_rd_i=B0D9Y2HGBN&pd_rd_w=Fv3nP&content-id=amzn1.sym.8c2f9165-8e93-42a1-8313-73d3809141a2&pf_rd_p=8c2f9165-8e93-42a1-8313-73d3809141a2&pf_rd_r=35CXVCE7VR101C1TF1GR&pd_rd_wg=63jj2&pd_rd_r=90b503ab-6f74-4d6e-98ee-7a3d44906a6d&sp_csd=d2lkZ2V0TmFtZT1zcF9kZXRhaWw&th=1
"63"" Sideboard Buffet Cabinet with Storage, Coffee Bar Cabinet with 3 Drawers and 4 Barn Doors, Long Wider Storage Cabinet Modern Farmhouse, White Wood, for Kitchen, Dining Room, Living Room",Kitchen Counter,"15.7""D x 63""W x 35.2""H",15.7,63,35.2,White/Wood,Engineered Wood,https://www.amazon.com/dp/B0DJNMBRG8/ref=sspa_dk_detail_0?pd_rd_i=B0DJNMBRG8&pd_rd_w=pWJO7&content-id=amzn1.sym.386c274b-4bfe-4421-9052-a1a56db557ab&pf_rd_p=386c274b-4bfe-4421-9052-a1a56db557ab&pf_rd_r=NRCG7BD6AY2MWDPNZS64&pd_rd_wg=ChfIa&pd_rd_r=dcc91098-d612-474f-82c4-3977a1a061b8&sp_csd=d2lkZ2V0TmFtZT1zcF9kZXRhaWxfdGhlbWF0aWM&th=1
"IDEALHOUSE Sideboard Buffet Cabinet, 55"" Large Kitchen Accent Modern Storage Cabinet with 2 Drawers and 4 Doors, Coffee Bar Buffet Table for Kitchen, Dining Room (Vintage)",Kitchen Counter,"15.5""D x 55.1""W x 36""H",15.5,55.1,36,Vintage,Engineered Wood,https://www.amazon.com/IDEALHOUSE-Sideboard-Cabinet-Kitchen-Storage/dp/B0FC2H6328/ref=sr_1_1_sspa?crid=2W6F9MHTOLXWB&dib=eyJ2IjoiMSJ9.zTTW676eX8SQhWEozztPZPKOiYHtbgcW2jwvpFcZ29ej2JO51F-rtD5PBdLcbnac1wNzbDj4OQ7EL3SgC-FZ6jGCnVvnYUkb9Ks4vC1dzuonYzy8rHxu7JQMDh_DnckCKaZpFbrmIsvYH6KRWjtgfGQSnUlBMG3mGZQbUmdNNSDU4D0RLBOTQPzBoY5x_Kfn3xURGWs-eSyKTpqj6xqP9KixGgyJkJlU04gNCrQQ5j4FA8FQ7Tkfv8pfrIiZ8mcwxHYdZdi0pl6ONEdwGmNL2BGTCUaw6qlC5jgZ4yFfCgA.8RjuUJo6vOHQSItytBW0CYmwbxZYd6rWLq8aRaSFllM&dib_tag=se&keywords=kitchen%2Bcounters&qid=1749756707&refinements=p_n_feature_keywords_six_browse-bin%3A3254101011&rnid=3254097011&sprefix=kitchen%2Bcounters%2Caps%2C98&sr=8-1-spons&sp_csd=d2lkZ2V0TmFtZT1zcF9hdGY&th=1
"ECACAD 94.5"" W Kitchen Pantry with Countertop, 12 Drawers & 4 Glass Doors, Modern Wooden Cupboard Storage Cabinet with 6 Hidden Shelves & 4 Open Shelves for Dining Room, Grey",Kitchen Counter,"16.8""D x 95.5""W x 84.3""H",16.8,95.5,84.3,Grey,White Laminate,https://www.amazon.com/ECACAD-Kitchen-Countertop-Drawers-Cupboard/dp/B0DSPK9DKQ/ref=sr_1_1_sspa?crid=2W6F9MHTOLXWB&dib=eyJ2IjoiMSJ9.zTTW676eX8SQhWEozztPZPKOiYHtbgcW2jwvpFcZ29ej2JO51F-rtD5PBdLcbnac1wNzbDj4OQ7EL3SgC-FZ6jGCnVvnYUkb9Ks4vC1dzuqPJ14NuqK6Wj7NKtdeA5MHzpOZJXueulcXt5zpcRkiDmQSnUlBMG3mGZQbUmdNNSAtQJ0RhWMKf5JFFNHUv3NCtZhx9pLi5vA6oJ8AAsiEjoGRvhGmrs59BAt3Jxgk8H2s0V_X1J5RRUcDQ8jfzvG7EjT15CC9f8EriJvxY0nVj--3mZ9FDJYQE_bpgBZDciQ.3Obc6znCV4ZungskKagLAq0ob4BNpsnXxb594O693qM&dib_tag=se&keywords=kitchen%2Bcounters&qid=1749756720&refinements=p_n_feature_keywords_six_browse-bin%3A3254099011%7C3254101011&rnid=3254097011&sprefix=kitchen%2Bcounters%2Caps%2C98&sr=8-1-spons&sp_csd=d2lkZ2V0TmFtZT1zcF9hdGY&th=1
"CABIHOME 24"" Kitchen Island, Multi-Functional Island Table with 2 Glass Door Cabinets and 1 Drawer, Counter Table with Spice Rack and Towel Bar for Kitchen and Dining Room, Natural",Kitchen Counter,"29.1""D x 30.9""W x 14.9""H",29.1,30.9,14.9,Natural Oak,Engineered Wood,https://www.amazon.com/CABIHOME-Kitchen-Multi-Functional-Cabinets-Counter/dp/B0F7KG83MC/ref=sr_1_5_sspa?crid=2W6F9MHTOLXWB&dib=eyJ2IjoiMSJ9.zTTW676eX8SQhWEozztPZKC6Gkm8MI6Lm5MHzdih8zCtG7EZ0LPyCEnXTdFfOt821wNzbDj4OQ7EL3SgC-FZ6jGCnVvnYUkb9Ks4vC1dzuqPJ14NuqK6Wj7NKtdeA5MHzpOZJXueulcXt5zpcRkiDmQSnUlBMG3mGZQbUmdNNSAtQJ0RhWMKf5JFFNHUv3NCtZhx9pLi5vA6oJ8AAsiEjkarCHVOnmuiYz_tJMcC6fNqzha4EQNP1I3Pv1XBGU4oEjT15CC9f8EriJvxY0nVj--3mZ9FDJYQE_bpgBZDciQ.C6lchQFsQYZr1aSIkPIBCGCW-RLQWQeWtLUJKF4AK6Q&dib_tag=se&keywords=kitchen%2Bcounters&qid=1749756732&refinements=p_n_feature_keywords_six_browse-bin%3A3254099011%7C3254101011%7C3254102011&rnid=3254097011&sprefix=kitchen%2Bcounters%2Caps%2C98&sr=8-5-spons&sp_csd=d2lkZ2V0TmFtZT1zcF9hdGY&th=1
"ARTPOWER 48” Kitchen Pantry with Glass Doors, Wood Coffee Bar Cabinet with Drawer, Green Microwave Cabinet with Hutch, Farmhosue Buffet Sideboard for Living Room, Dining Room",Kitchen Counter,"15.5""D x 47.2""W x 47.4""H",15.5,47.2,47.4,Green,Engineered Wood,https://www.amazon.com/ARTPOWER-Kitchen-Microwave-Farmhosue-Sideboard/dp/B0DJT26HHX/ref=sr_1_2_sspa?crid=2W6F9MHTOLXWB&dib=eyJ2IjoiMSJ9.XG5dh5d3b_XBdxXPhkEHK-TO_D0SpORAFE14GOZOOb_rH9iAgO0XQwg5Oi0aQau2wFP_JMeprfV_ZJfM_KQkQ1KndiJ2VmTWjv2j88js_ArWWtNbctYRbo8W6iix_hJoJlkvFt7ibGBIVBRG--0XckUg93lvHGil9JDTdTDlABnphaXuNX580BDZb2C-Igs7UEnYI2N32Em4B76_mcJVTOwIyVLyq1GYXXim0r1Hsphjxgd1SQZMsX2sDp54vpFqS6Xq5wIU_FwwaBoBlBInzfy0vmpgjjusc_4KuZ7T1eE.yNw7VOofVhg3uyJ5bEOaGhXsYB8KLFS-dLLR7tI3iU8&dib_tag=se&keywords=kitchen%2Bcounters&qid=1749756775&refinements=p_n_feature_keywords_six_browse-bin%3A3254108011%7C3254109011&rnid=3254097011&sprefix=kitchen%2Bcounters%2Caps%2C98&sr=8-2-spons&sp_csd=d2lkZ2V0TmFtZT1zcF9hdGY&th=1
"ANCTOR 47.3"" Sideboard Buffet Cabinet with Storage Buffet Table Wine Racks Glass Doors Built-in Power Outlet Modern Kitchen Sideboard Cabinet with Doors and Shelves for Dining Room, Apartment",Kitchen Counter,"15.83""D x 47.32""W x 35.16""H",15.83,47.32,35.16,White,Engineered Wood,https://www.amazon.com/ANCTOR-Sideboard-Cabinet-Storage-Apartment/dp/B0F43N24ZW/ref=sr_1_1_sspa?crid=3FFRDOHR4MQ3Y&dib=eyJ2IjoiMSJ9.JSarK8PJPjW-Ob-m5nDHZWgrtRByNoK-av2k-jg2ZHrXB_LnFsz4_Xthd4EGH6hDRvyY4IJtojdwK9DyulCehwuGUqrBMG7ytKSY0ni2zDlqna2yjtZbayQhn9eJe3zICW3512o0ljipE0b2XLu4nPLsfLSJTYo3i151S_D2GkmpSx3o9V1q46HVKF22RSJvlmcTRCIAhFeDHZQcWS8cMb5IomrAvpiR6wdwLpYkpPKv2u85t9VsKUKBdh0nwuEOX3lovbhvj28mUGGHm7LVEd4Kva7LuGY2CkgEJlOSExg.zQPis4u1qowxxYIpkljzQNjlAMO4-xfMrOl-DfN3ZoU&dib_tag=se&keywords=kitchen+counters&qid=1749756835&refinements=p_n_material_browse%3A316587011&rnid=316581011&sprefix=kitchen+counters%2Caps%2C115&sr=8-1-spons&sp_csd=d2lkZ2V0TmFtZT1zcF9hdGY&psc=1
"Irontar 70.9'' Kitchen Pantry, Kitchen Hutch with Microwave Stand & Charging Station, Farmhouse Tall Storage Cabinet with Countertop, Bar Cabinet with Drawers, Glass Doors, White",Kitchen Counter,"15.7""D x 39.4""W x 70.9""H",15.7,39.4,70.9,White,Engineered Wood,https://www.amazon.com/Irontar-Microwave-Farmhouse-Countertop-CWG011WE/dp/B0CS6FXD8Z/ref=sr_1_7?crid=3FFRDOHR4MQ3Y&dib=eyJ2IjoiMSJ9.JSarK8PJPjW-Ob-m5nDHZWgrtRByNoK-av2k-jg2ZHrXB_LnFsz4_Xthd4EGH6hDRvyY4IJtojdwK9DyulCehwuGUqrBMG7ytKSY0ni2zDlqna2yjtZbayQhn9eJe3zICW3512o0ljipE0b2XLu4nPLsfLSJTYo3i151S_D2GkmpSx3o9V1q46HVKF22RSJvlmcTRCIAhFeDHZQcWS8cMb5IomrAvpiR6wdwLpYkpPKv2u85t9VsKUKBdh0nwuEOX3lovbhvj28mUGGHm7LVEd4Kva7LuGY2CkgEJlOSExg.zQPis4u1qowxxYIpkljzQNjlAMO4-xfMrOl-DfN3ZoU&dib_tag=se&keywords=kitchen%2Bcounters&qid=1749756835&refinements=p_n_material_browse%3A316587011&rnid=316581011&sprefix=kitchen%2Bcounters%2Caps%2C115&sr=8-7&th=1
"HOMCOM Kitchen Pantry Storage Cabinet, 72"" Freestanding Cabinet with Hutch, Large Countertop, Glass Doors and Adjustable Shelves for Dining Room, Off White",Kitchen Counter,"14.5""D x 31.5""W x 43.5""H",14.5,31.5,43.5,Off White,Engineered Wood,https://www.amazon.com/HOMCOM-Kitchen-Storage-Cabinet-Minimal/dp/B087BTHTJ3/ref=sr_1_6?crid=3FFRDOHR4MQ3Y&dib=eyJ2IjoiMSJ9.JSarK8PJPjW-Ob-m5nDHZWgrtRByNoK-av2k-jg2ZHrXB_LnFsz4_Xthd4EGH6hDRvyY4IJtojdwK9DyulCehwuGUqrBMG7ytKSY0ni2zDlqna2yjtZbayQhn9eJe3zICW3512o0ljipE0b2XLu4nPLsfLSJTYo3i151S_D2GkmpSx3o9V1q46HVKF22RSJvlmcTRCIAhFeDHZQcWS8cMb5IomrAvpiR6wdwLpYkpPKv2u85t9VsKUKBdh0nwuEOX3lovbhvj28mUGGHm7LVEd4Kva7LuGY2CkgEJlOSExg.zQPis4u1qowxxYIpkljzQNjlAMO4-xfMrOl-DfN3ZoU&dib_tag=se&keywords=kitchen%2Bcounters&qid=1749756835&refinements=p_n_material_browse%3A316587011&rnid=316581011&sprefix=kitchen%2Bcounters%2Caps%2C115&sr=8-6&th=1
"Cozy Castle Tall Kitchen Pantry Cabinet with Microwave Shelf, Modern Large Freestanding Sideboard Cupboard Kitchen Hutch Cabinet with Storage Countertop and Drawer for Dining Room, Living Room, White",Kitchen Counter,"15.7""D x 39.8""W x 70.8""H",15.7,39.8,70.8,White,Acrylic,https://www.amazon.com/Cozy-Castle-Kitchen-Freestanding-Microwave/dp/B0C4Y2B65K/ref=sxin_16_pa_sp_search_thematic_sspa?content-id=amzn1.sym.2da95b6c-f59a-4699-bc43-d0ff036c6388%3Aamzn1.sym.2da95b6c-f59a-4699-bc43-d0ff036c6388&crid=3FFRDOHR4MQ3Y&cv_ct_cx=kitchen%2Bcounters&keywords=kitchen%2Bcounters&pd_rd_i=B0C4Y2B65K&pd_rd_r=edf9a796-4950-42f9-adf7-185822633f66&pd_rd_w=cArAL&pd_rd_wg=iFEfY&pf_rd_p=2da95b6c-f59a-4699-bc43-d0ff036c6388&pf_rd_r=J5MQ0HB1KQ3ANRJ61000&qid=1749756871&refinements=p_n_material_browse%3A316587011%7C316603011&rnid=316581011&sbo=RZvfv%2F%2FHxDF%2BO5021pAnSA%3D%3D&sprefix=kitchen%2Bcounters%2Caps%2C115&sr=1-1-6024b2a3-78e4-4fed-8fed-e1613be3bcce-spons&sp_csd=d2lkZ2V0TmFtZT1zcF9zZWFyY2hfdGhlbWF0aWM&th=1
"5-Tier Kitchen Storage Cabinet,Microwave Stand,Freestanding Kitchen Bakers Rack with 4 Rolling Casters,for Dining Room, Living Room and Study (White，12.6"" D x 27.6"" W x 57.3"" H)",Kitchen Counter,"12.6""D x 27.6""W x 57.3""H",12.6,27.6,57.3,White,N/A,https://www.amazon.com/FAQINZYUAN-Kitchen-Microwave-Freestanding-White%EF%BC%8C12-6/dp/B0D39LBMJB/ref=sr_1_15_sspa?crid=3FFRDOHR4MQ3Y&dib=eyJ2IjoiMSJ9.I7bfOrkj1CtKniDKHBCZkPaYFvsI0YO_See0DHa1UVMKnS5Hzl0jxmGEwdhYZXSFi532fF5z3qsPe6rRpjVkblQ6GTswc34IMSKO9HiBb7E0dbZ-n34jtHTIRRfc-pzt9h4HmWZzr4jTYJ9vjh4fsteBqD7oolPJebQCyCHomXHVP4fpyWjprOiiEPqd21nR1qI30bsmzgoBh5vfjOQj1BOTJn3hBN9Ka9fJmU2PNl_VfcrMKq-O9RqhMQsglXc31gfpEHTZhZJRyFOBCCGrKtP6bcLG0hrAI3wefqlxXVc.xhdaRTPtvIZctljLuCP22SaU7_AHkJ4h2jHdfYWofqk&dib_tag=se&keywords=kitchen%2Bcounters&qid=1749756871&refinements=p_n_material_browse%3A316587011%7C316603011&rnid=316581011&sprefix=kitchen%2Bcounters%2Caps%2C115&sr=8-15-spons&sp_csd=d2lkZ2V0TmFtZT1zcF9tdGY&th=1
"64'' Tall Kitchen Storage Cabinet, Kitchen Hutch with Microwave Stand, Pantry Cabinet with Adjustable Shelves, for Dining Room, Home, White",Kitchen Counter,"15.7""D x 23.6""W x 64.1""H",15.7,23.6,64.1,White,Engineered Wood,https://www.amazon.com/BOTLOG-Kitchen-Freestanding-Microwave-Adjustable/dp/B0CRF37VNB/ref=sr_1_2?crid=3FFRDOHR4MQ3Y&dib=eyJ2IjoiMSJ9.CUf6MxNqnB0mKzWECE88dcFx359ZC0vEGtioMQFg1HqRe8aI7URSKNwQyvDhn-3uxkS_N__esx2Pi2MzKjkX1RGsrjL2OlB376Ch8Fr7HH9Gj3xBTj1IqEwFRz_i4BeYEcARyjmjCzR7R7pncomnyVyKjx7M_fBn5WF5QiypRnYhSgsspGl5At9ULZ-NJ_cszMmsIfMB4-afjQFmLqa4esRU29E0Jw37iiV0qij_xXLbzSv4URQPH30hVcEcZklJNqg5MaTzXY6QxShaIjVI9WIt9t62yY5SyWbI15kipho.MgJR8zMLD6212SSzXeZrzFlhRKsgY2F4nSSxKGZRz24&dib_tag=se&keywords=kitchen+counters&qid=1749756901&refinements=p_n_material_browse%3A316587011%7C316603011%2Cp_n_feature_twenty-three_browse-bin%3A24040096011&rnid=24039740011&sprefix=kitchen+counters%2Caps%2C115&sr=8-2
